Images\00000PORTRAIT_00000_BURST20200112193145840.jpg,rest
Images\00000PORTRAIT_00000_BURST20200123092647375.jpg,rest
Images\00000PORTRAIT_00000_BURST20200523193045802.jpg,rest
Images\023.JPG,rest
Images\028.jpg,rest
Images\032.JPG,palm
Images\036.JPG,palm
Images\10295222_873765872664447_6139990852376371238_o.jpg,palm
Images\10608430_843944268979941_2106562515853277705_o.jpg,rest
Images\10808073_10152947091749758_938191433_n.jpg,rest
Images\10991612_870902366284131_4698480174384260508_o.jpg,rest
Images\11080717_898573953516972_7426226399171102221_o.jpg,rest
Images\11130500_898574226850278_1885485126753871419_o.jpg,rest
Images\12273632_1014929645214735_6984271492296006769_o.jpg,snow
Images\12662670_1061119427262423_5943497270834983087_n.jpg,palm
Images\12715697_1063643320343367_2578350721932803040_n.jpg,palm
Images\12729002_1063643343676698_285657049027115020_n.jpg,rest
Images\12733977_1063643297010036_4467609051832409673_n.jpg,palm
Images\12734046_1063643373676695_1720015740490568081_n.jpg,palm
Images\12741881_1061119363929096_2792526625740005046_n.jpg,palm
Images\12742367_1061119403929092_8656294623120696635_n.jpg,palm
Images\12742662_1063643407010025_4294494534168977073_n.jpg,palm
Images\130.JPG,rest
Images\13256320_1133886319985733_6773877604622362824_n.jpg,snow
Images\134.JPG,palm
Images\14463045_1267962556578108_7637239796284921614_n.jpg,snow
Images\151.JPG,palm
Images\167.JPG,rest
Images\168.JPG,palm
Images\173.JPG,palm
Images\17352447_1489226311118397_4766420759125315467_n.jpg,rest
Images\17353649_1489225334451828_6457315457124937403_n.jpg,rest
Images\190569_190861710954870_2724694_n.jpg,palm
Images\191662_185181388189569_5408132_o.jpg,rest
Images\1973808_898573550183679_2250749955249535106_o.jpg,rest
Images\197883_190864000954641_5153717_n.jpg,palm
Images\199295_190864547621253_5692184_n.jpg,rest
Images\20180330_110320.jpg,snow
Images\20180402_090513.jpg,snow
Images\20190930_073643_HDR.jpg,snow
Images\20190930_074642_HDR.jpg,snow
Images\20374544_1662578057116554_1637137420869184549_n.jpg,rest
Images\20375763_1662578293783197_1004899797856233976_n.jpg,rest
Images\20664984_1685543848153308_7970249024633873801_n.jpg,rest
Images\249452_207670595940648_1088760_n.jpg,palm
Images\250131_207669932607381_2088562_n.jpg,palm
Images\26805147_1904519266255764_5017681979096341922_n.jpg,snow
Images\386171_247060638696692_100001782734847_576644_1109833973_n.jpg,rest
Images\418367_348266635214376_1664956444_n.jpg,rest
Images\419921_348264711881235_311969887_n.jpg,rest
Images\467220_432554103452295_624115409_o.jpg,palm
Images\46734928_2438009326240086_3727492542992744448_n.jpg,rest
Images\46874580_2438009269573425_5469452650284056576_n.jpg,rest
Images\54521433_2665018070205876_2620535417610436608_n.jpg,snow
Images\B8A1453C-7647-4A05-99CE-F30C6CBE8224.jpg,snow
Images\FB_IMG_1455783195460.jpg,rest
Images\FB_IMG_1455783223655.jpg,rest
Images\FB_IMG_1455783240938.jpg,rest
Images\FB_IMG_1457884575090.jpg,rest
Images\FB_IMG_1457884701891.jpg,palm
Images\FB_IMG_1475824155288.jpg,palm
Images\FB_IMG_1479079793718.jpg,rest
Images\FB_IMG_1482187169019.jpg,palm
Images\FB_IMG_1488051403542.jpg,palm
Images\FB_IMG_1490029218421.jpg,rest
Images\FB_IMG_1490090341099.jpg,rest
Images\FB_IMG_1494231001342.jpg,palm
Images\FB_IMG_1548043220233.jpg,rest
Images\FB_IMG_1548043245026.jpg,rest
Images\FB_IMG_1548043250547.jpg,rest
Images\FB_IMG_1577220412468.jpg,palm
Images\FB_IMG_1577220441893.jpg,palm
Images\FB_IMG_1577220473858.jpg,rest
Images\FB_IMG_1577220478575.jpg,rest
Images\FB_IMG_1577220586860.jpg,rest
Images\FB_IMG_1577263520135.jpg,rest
Images\FB_IMG_1577263524251.jpg,rest
Images\FB_IMG_1577263528722.jpg,rest
Images\FB_IMG_1577263543615.jpg,rest
Images\FB_IMG_1577263571334.jpg,palm
Images\FB_IMG_1577263574272.jpg,rest
Images\FB_IMG_1577263583268.jpg,rest
Images\full-imagedfg.php.jpg,rest
Images\GOPR8403.JPG,rest
Images\GOPR8404.JPG,rest
Images\GOPR8406.JPG,rest
Images\GOPR8408~2.JPG,rest
Images\GOPR8408~3.JPG,rest
Images\GOPR8428~2.JPG,rest
Images\GOPR8431~2.JPG,rest
Images\GPTempDownload_Original(1).jpg,rest
Images\GPTempDownload_Original.jpg,rest
Images\Gschwender_Horn_0015.jpg,snow
Images\IMG-20151018-WA0000.jpg,rest
Images\IMG-20151229-WA0006.jpg,rest
Images\IMG-20151229-WA0015.jpg,rest
Images\IMG-20160208-WA0026.jpg,rest
Images\IMG-20160327-WA0000.jpeg,rest
Images\IMG-20160608-WA0000.jpg,rest
Images\IMG-20160721-WA0003.jpg,rest
Images\IMG-20160909-WA0002.jpg,rest
Images\IMG-20160909-WA0007.jpg,rest
Images\IMG-20161213-WA0004.jpg,rest
Images\IMG-20170312-WA0010.jpg,rest
Images\IMG-20170320-WA0002.jpg,rest
Images\IMG-20170325-WA0000.jpeg,rest
Images\IMG-20170329-WA0002.jpg,rest
Images\IMG-20170401-WA0001.jpg,rest
Images\IMG-20170528-WA0015.jpg,rest
Images\IMG-20170622-WA0001.jpg,rest
Images\IMG-20170905-WA0002.jpg,rest
Images\IMG-20170905-WA0004.jpg,rest
Images\IMG-20180421-WA0008.jpg,rest
Images\IMG-20180421-WA0011.jpg,rest
Images\IMG-20180520-WA0000.jpg,rest
Images\IMG-20180603-WA0020.jpg,rest
Images\IMG-20180628-WA0006.jpg,rest
Images\IMG-20180729-WA0017.jpg,rest
Images\IMG-20180909-WA0015.jpg,rest
Images\IMG-20181014-WA0011.jpg,palm
Images\IMG-20181014-WA0012.jpg,palm
Images\IMG-20181014-WA0015.jpg,palm
Images\IMG-20181024-WA0010.jpg,palm
Images\IMG-20181026-WA0021.jpg,rest
Images\IMG-20190527-WA0004.jpg,rest
Images\IMG-20190529-WA0006.jpg,rest
Images\IMG-20190630-WA0008.jpg,rest
Images\IMG-20191004-WA0033.jpg,rest
Images\IMG-20191004-WA0085.jpg,rest
Images\IMG-20191004-WA0107.jpg,rest
Images\IMG-20200308-WA0001.jpg,snow
Images\IMG-20200308-WA0001~2.jpg,snow
Images\IMG-20200310-WA0015.jpg,snow
Images\IMG-20200411-WA0034.jpg,rest
Images\IMG-20200524-WA0010.jpg,rest
Images\IMG-20200712-WA0037.jpg,rest
Images\IMG-20200712-WA0050.jpg,rest
Images\IMG-20200712-WA0062.jpg,rest
Images\IMG-20200712-WA0070.jpg,rest
Images\IMG-20200802-WA0042.jpg,rest
Images\IMG-20200825-WA0009.jpg,rest
Images\IMG-20200831-WA0007.jpg,rest
Images\IMG-20200926-WA0012.jpg,rest
Images\IMG-20200926-WA0013.jpg,rest
Images\IMG-20200926-WA0024.jpg,rest
Images\IMG-20200927-WA0005.jpg,rest
Images\IMG-20201011-WA0001.jpg,rest
Images\IMG-20201011-WA0012.jpg,rest
Images\IMG-20201011-WA0015.jpg,rest
Images\IMG-20201011-WA0015~3.jpg,rest
Images\IMG-20201018-WA0021.jpg,snow
Images\IMG-20201018-WA0022.jpg,snow
Images\IMG-20201126-WA0002.jpg,rest
Images\IMG-20201204-WA0008.jpg,rest
Images\IMG-20201213-WA0020.jpg,snow
Images\IMG-20210216-WA0005.jpg,rest
Images\IMG-20210826-WA0002.jpg,rest
Images\IMG-20211024-WA0013.jpg,rest
Images\img019.jpg,rest
Images\IMG_0237.HEIC,rest
Images\IMG_0319.HEIC,rest
Images\IMG_0323.JPG,rest
Images\IMG_0340.HEIC,rest
Images\IMG_0342.HEIC,rest
Images\IMG_0344.JPG,rest
Images\IMG_0346.JPG,rest
Images\IMG_0348.HEIC,rest
Images\IMG_0352.HEIC,rest
Images\IMG_0359.HEIC,rest
Images\IMG_0361.JPG,rest
Images\IMG_0452.HEIC,rest
Images\IMG_0454.JPG,rest
Images\IMG_0463.JPG,rest
Images\IMG_0466.HEIC,rest
Images\IMG_0509.HEIC,rest
Images\IMG_0553.HEIC,rest
Images\IMG_0598.JPG,rest
Images\IMG_0606.JPG,rest
Images\IMG_0625.HEIC,rest
Images\IMG_0660.HEIC,rest
Images\IMG_0675.HEIC,rest
Images\IMG_0675~2.HEIC,rest
Images\IMG_0677.HEIC,rest
Images\IMG_0693.HEIC,rest
Images\IMG_0718.HEIC,rest
Images\IMG_0729.HEIC,rest
Images\IMG_0738.HEIC,rest
Images\IMG_0753.HEIC,rest
Images\IMG_0761.HEIC,rest
Images\IMG_0763.JPG,rest
Images\IMG_0765.JPG,rest
Images\IMG_0768.JPG,rest
Images\IMG_0788.HEIC,rest
Images\IMG_0807.JPG,rest
Images\IMG_0812.JPG,rest
Images\IMG_0814.JPG,rest
Images\IMG_0820.JPG,rest
Images\IMG_0821.JPG,rest
Images\IMG_0837.HEIC,rest
Images\IMG_0877.HEIC,rest
Images\IMG_0883.HEIC,snow
Images\IMG_0885.HEIC,rest
Images\IMG_0973.JPG,rest
Images\IMG_0999.HEIC,rest
Images\IMG_1045.HEIC,rest
Images\IMG_1059.HEIC,rest
Images\IMG_1059.JPG,rest
Images\IMG_1063.JPG,rest
Images\IMG_1072.JPG,rest
Images\IMG_1080.JPG,palm
Images\IMG_1082~2.HEIC,palm
Images\IMG_1085.HEIC,rest
Images\IMG_1089.JPG,rest
Images\IMG_1091.HEIC,rest
Images\IMG_1091.JPG,rest
Images\IMG_1099.HEIC,rest
Images\IMG_1111.JPG,rest
Images\IMG_1112.JPG,rest
Images\IMG_1117.JPG,rest
Images\IMG_1120.JPG,rest
Images\IMG_1121.JPG,rest
Images\IMG_1123.JPG,rest
Images\IMG_1124.HEIC,rest
Images\IMG_1152.JPG,rest
Images\IMG_1155.JPG,rest
Images\IMG_1158.JPG,palm
Images\IMG_1168.HEIC,rest
Images\IMG_1175.HEIC,rest
Images\IMG_1182.HEIC,snow
Images\IMG_1186.HEIC,palm
Images\IMG_1186.jpg,palm
Images\IMG_1196.HEIC,rest
Images\IMG_1233.JPG,rest
Images\IMG_1242.JPG,rest
Images\IMG_1244~2.HEIC,rest
Images\IMG_1256.JPG,palm
Images\IMG_1257.JPG,palm
Images\IMG_1268.JPG,rest
Images\IMG_1274.JPG,palm
Images\IMG_1279.JPG,palm
Images\IMG_1282.JPG,palm
Images\IMG_1287.HEIC,rest
Images\IMG_1303.HEIC,rest
Images\IMG_1307.JPG,rest
Images\IMG_1309.HEIC,snow
Images\IMG_1323.JPG,rest
Images\IMG_1324.JPG,rest
Images\IMG_1330.JPG,rest
Images\IMG_1340 - Kopie.JPG,rest
Images\IMG_1342.JPG,palm
Images\IMG_1364.JPG,rest
Images\IMG_1370.JPG,rest
Images\IMG_1373.JPG,rest
Images\IMG_1386.JPG,rest
Images\IMG_1388.JPG,rest
Images\IMG_1392.JPG,rest
Images\IMG_1399.JPG,rest
Images\IMG_1405.JPG,rest
Images\IMG_1409.jpg,snow
Images\IMG_1411.jpg,snow
Images\IMG_1414.JPG,rest
Images\IMG_1421.JPG,rest
Images\IMG_1431.JPG,rest
Images\IMG_1435.JPG,rest
Images\IMG_1440.HEIC,rest
Images\IMG_1440.JPG,rest
Images\IMG_1450.JPG,snow
Images\IMG_1455.JPG,snow
Images\IMG_1457.JPG,snow
Images\IMG_1462.JPG,snow
Images\IMG_1493.JPG,palm
Images\IMG_1505.JPG,rest
Images\IMG_1552.HEIC,rest
Images\IMG_1554.JPG,palm
Images\IMG_1561.JPG,palm
Images\IMG_1562.JPG,palm
Images\IMG_1563.JPG,palm
Images\IMG_1566.JPG,palm
Images\IMG_1566~2.jpg,rest
Images\IMG_1578~3.JPG,palm
Images\IMG_1583.JPG,rest
Images\IMG_1585~2.JPG,rest
Images\IMG_1595.JPG,rest
Images\IMG_1602.HEIC,rest
Images\IMG_1605~2.jpg,rest
Images\IMG_1607.JPG,palm
Images\IMG_1608.HEIC,rest
Images\IMG_1609.JPG,rest
Images\IMG_1611.HEIC,rest
Images\IMG_1629.JPG,rest
Images\IMG_1629~2.JPG,rest
Images\IMG_1634.JPG,palm
Images\IMG_1645.JPG,rest
Images\IMG_1654.HEIC,rest
Images\IMG_1656.HEIC,rest
Images\IMG_1657.HEIC,rest
Images\IMG_1658.HEIC,rest
Images\IMG_1660.HEIC,rest
Images\IMG_1660.JPG,palm
Images\IMG_1662.HEIC,rest
Images\IMG_1670.HEIC,rest
Images\IMG_1682.HEIC,rest
Images\IMG_1683.HEIC,rest
Images\IMG_1691.JPG,rest
Images\IMG_1695.JPG,rest
Images\IMG_1697.JPG,rest
Images\IMG_1699.JPG,rest
Images\IMG_1705.JPG,rest
Images\IMG_1707.JPG,rest
Images\IMG_1710.JPG,rest
Images\IMG_1712.JPG,rest
Images\IMG_1723.JPG,rest
Images\IMG_1726.JPG,palm
Images\IMG_1727.JPG,rest
Images\IMG_1728.JPG,palm
Images\IMG_1733.JPG,palm
Images\IMG_1736.JPG,palm
Images\IMG_1738.JPG,rest
Images\IMG_1739.JPG,rest
Images\IMG_1740.HEIC,rest
Images\IMG_1741.HEIC,rest
Images\IMG_1744~2.jpg,rest
Images\IMG_1746.HEIC,rest
Images\IMG_1746.JPG,rest
Images\IMG_1749.HEIC,rest
Images\IMG_1749.JPG,palm
Images\IMG_1751 - Kopie.JPG,rest
Images\IMG_1753.JPG,palm
Images\IMG_1755.JPG,palm
Images\IMG_1757.HEIC,rest
Images\IMG_1760.JPG,palm
Images\IMG_1761.JPG,rest
Images\IMG_1771.HEIC,rest
Images\IMG_1779.HEIC,rest
Images\IMG_1786.JPG,rest
Images\IMG_1789.HEIC,palm
Images\IMG_1792.JPG,palm
Images\IMG_1793.JPG,palm
Images\IMG_1796.JPG,rest
Images\IMG_1799.JPG,palm
Images\IMG_1803.HEIC,palm
Images\IMG_1803.jpg,palm
Images\IMG_1805.HEIC,rest
Images\IMG_1815.JPG,rest
Images\IMG_1816.HEIC,rest
Images\IMG_1822.HEIC,rest
Images\IMG_1823.JPG,palm
Images\IMG_1824.JPG,rest
Images\IMG_1825.HEIC,rest
Images\IMG_1834.JPG,rest
Images\IMG_1838~2.jpg,rest
Images\IMG_1854.HEIC,rest
Images\IMG_1855.HEIC,rest
Images\IMG_1869.HEIC,rest
Images\IMG_1883.JPG,palm
Images\IMG_1888.HEIC,rest
Images\IMG_1905.JPG,rest
Images\IMG_1910.JPG,rest
Images\IMG_1911.JPG,rest
Images\IMG_1912.HEIC,rest
Images\IMG_1926.HEIC,rest
Images\IMG_1935.HEIC,rest
Images\IMG_1937.HEIC,rest
Images\IMG_1941.HEIC,rest
Images\IMG_1945.JPG,rest
Images\IMG_1949.HEIC,rest
Images\IMG_1963.JPG,palm
Images\IMG_1966.HEIC,rest
Images\IMG_1968.HEIC,rest
Images\IMG_1972.HEIC,rest
Images\IMG_1976.HEIC,rest
Images\IMG_1978.HEIC,rest
Images\IMG_1979.HEIC,rest
Images\IMG_1981.HEIC,rest
Images\IMG_1983.HEIC,snow
Images\IMG_1983~2.jpg,rest
Images\IMG_1984.HEIC,rest
Images\IMG_1995-EFFECTS.jpg,rest
Images\IMG_1997.JPG,rest
Images\IMG_2003.JPG,rest
Images\IMG_2005.JPG,rest
Images\IMG_2007.JPG,palm
Images\IMG_2010.HEIC,rest
Images\IMG_2014.HEIC,rest
Images\IMG_20151010_085133.jpg,rest
Images\IMG_20151218_095809.jpg,rest
Images\IMG_20151218_101126.jpg,palm
Images\IMG_20151220_163939.jpg,palm
Images\IMG_20151220_174220.jpg,rest
Images\IMG_20151220_174318(1).jpg,palm
Images\IMG_20151220_174318.jpg,palm
Images\IMG_20151221_113657.jpg,rest
Images\IMG_20151222_091151.jpg,palm
Images\IMG_20151227_134558.jpg,rest
Images\IMG_20151228_122922.jpg,rest
Images\IMG_20151228_130618.jpg,palm
Images\IMG_20151228_183230.jpg,rest
Images\IMG_20151230_114407.jpg,palm
Images\IMG_20151230_192421.jpg,rest
Images\IMG_20160131_131512.jpg,rest
Images\IMG_20160201_084214.jpg,rest
Images\IMG_20160207_104807.jpg,rest
Images\IMG_20160210_105858.jpg,palm
Images\IMG_20160211_115356.jpg,rest
Images\IMG_20160212_201401.jpg,rest
Images\IMG_20160213_070908.jpg,palm
Images\IMG_20160214_172327.jpg,rest
Images\IMG_20160214_174313.jpg,rest
Images\IMG_20160215_171841(1).jpg,rest
Images\IMG_20160215_171841.jpg,rest
Images\IMG_20160215_175025.jpg,palm
Images\IMG_20160313_130322.jpg,rest
Images\IMG_20160314_085648.jpg,palm
Images\IMG_20160317_231947.jpg,rest
Images\IMG_20160320_233303.jpg,rest
Images\IMG_20160411_221114.jpg,rest
Images\IMG_20160411_221643.jpg,rest
Images\IMG_20160422_195616.jpg,rest
Images\IMG_20160501_111444.jpg,rest
Images\IMG_20160522_044021.jpg,rest
Images\IMG_20160604_100132.jpg,rest
Images\IMG_20160604_142836.jpg,rest
Images\IMG_20160604_173121.jpg,rest
Images\IMG_20160611_101101.jpg,rest
Images\IMG_20160620_220105.jpg,rest
Images\IMG_20160620_220115.jpg,rest
Images\IMG_20160620_220141.jpg,rest
Images\IMG_20160621_081853.jpg,rest
Images\IMG_20160625_061153.jpg,rest
Images\IMG_20160625_184157.jpg,rest
Images\IMG_20160626_084146.jpg,rest
Images\IMG_20160626_142951.jpg,rest
Images\IMG_20160627_100529.jpg,rest
Images\IMG_20160630_201326.jpg,rest
Images\IMG_20160630_205103.jpg,rest
Images\IMG_20160630_210746.jpg,rest
Images\IMG_20160730_201952.jpg,palm
Images\IMG_20160730_202117.jpg,rest
Images\IMG_20160730_202152.jpg,rest
Images\IMG_20160731_043344.jpg,rest
Images\IMG_20160804_193713.jpg,rest
Images\IMG_20160813_072251.jpg,rest
Images\IMG_20160813_072301.jpg,rest
Images\IMG_20160813_072700.jpg,rest
Images\IMG_20160813_072737~2.jpg,rest
Images\IMG_20160813_072901(1).jpg,rest
Images\IMG_20160813_072901.jpg,rest
Images\IMG_20160813_163531.jpg,rest
Images\IMG_20160814_205359.jpg,rest
Images\IMG_20160827_054918.jpg,rest
Images\IMG_20160827_105912.jpg,rest
Images\IMG_20160903_223331.jpg,rest
Images\IMG_20160907_151829.jpg,rest
Images\IMG_20160911_192634.jpg,rest
Images\IMG_20160912_134740.jpg,rest
Images\IMG_20160912_191437.jpg,rest
Images\IMG_20160914_210507.jpg,palm
Images\IMG_20160914_210643.jpg,palm
Images\IMG_20160919_122022.jpg,palm
Images\IMG_20160919_164226_009.jpg,rest
Images\IMG_20160926_155311.jpg,rest
Images\IMG_20160930_222030.jpg,rest
Images\IMG_20161111_095828.jpg,rest
Images\IMG_20161112_110521.jpg,rest
Images\IMG_20161115_171821.jpg,rest
Images\IMG_20161115_172300.jpg,rest
Images\IMG_20161118_112911.jpg,rest
Images\IMG_20161118_160631.jpg,rest
Images\IMG_20161118_160700.jpg,palm
Images\IMG_20161123_150246.jpg,palm
Images\IMG_20161123_154103(1).jpg,rest
Images\IMG_20161123_154103.jpg,rest
Images\IMG_20161123_235046.jpg,rest
Images\IMG_20161123_235532.jpg,rest
Images\IMG_20161201_100942.jpg,palm
Images\IMG_20161211_125828.jpg,rest
Images\IMG_20161222_192258_027.jpg,rest
Images\IMG_20161227_140940.jpg,rest
Images\IMG_20170126_144311_144.jpg,rest
Images\IMG_20170211_121435.jpg,rest
Images\IMG_20170224_191450.jpg,rest
Images\IMG_20170320_140406.jpg,palm
Images\IMG_20170320_140511.jpg,rest
Images\IMG_20170321_173134_564.jpg,rest
Images\IMG_20170409_131124_722.jpg,snow
Images\IMG_20170416_175314_245.jpg,rest
Images\IMG_20170416_204524_149.jpg,palm
Images\IMG_20170416_204855_893.jpg,rest
Images\IMG_20170418_193156.jpg,rest
Images\IMG_20170430_194239.jpg,rest
Images\IMG_20170430_194250.jpg,rest
Images\IMG_20170520_154343(1).jpg,rest
Images\IMG_20170520_154343.jpg,rest
Images\IMG_20170520_155129.jpg,rest
Images\IMG_20170522_082537_815.jpg,rest
Images\IMG_20170527_074754_001_COVER.jpg,rest
Images\IMG_20170620_143943.jpg,rest
Images\IMG_20170621_051957.jpg,rest
Images\IMG_20170621_053431.jpg,rest
Images\IMG_20170621_075225.jpg,snow
Images\IMG_20170621_075233.jpg,rest
Images\IMG_20170621_103710.jpg,palm
Images\IMG_20170621_103717.jpg,rest
Images\IMG_20170622_222449.jpg,rest
Images\IMG_20170623_002256.jpg,rest
Images\IMG_20170624_184933.jpg,rest
Images\IMG_20170625_120847.jpg,rest
Images\IMG_20170625_192724_1.jpg,rest
Images\IMG_20170628_191136.jpg,palm
Images\IMG_20170630_100219_466.jpg,rest
Images\IMG_20170630_191630.jpg,rest
Images\IMG_20170715_001538_483.jpg,rest
Images\IMG_20170717_105905.jpg,rest
Images\IMG_20170727_171232_610.jpg,rest
Images\IMG_20170729_150454_550.jpg,rest
Images\IMG_20170731_032357.jpg,rest
Images\IMG_20170731_032428.jpg,rest
Images\IMG_20170731_032448.jpg,rest
Images\IMG_20170801_174838(1).jpg,rest
Images\IMG_20170801_174838.jpg,rest
Images\IMG_20170803_175906(1).jpg,rest
Images\IMG_20170803_175906.jpg,rest
Images\IMG_20170808_193314_561.jpg,rest
Images\IMG_20170809_164129.jpg,palm
Images\IMG_20170809_164333.jpg,palm
Images\IMG_20170811_063450.jpg,rest
Images\IMG_20170811_063555.jpg,rest
Images\IMG_20170813_161651.jpg,rest
Images\IMG_20170815_100744_528.jpg,palm
Images\IMG_20170815_161817_834.jpg,rest
Images\IMG_20170816_105223_150.jpg,rest
Images\IMG_20170817_141557_078.jpg,rest
Images\IMG_20170826_080854.jpg,rest
Images\IMG_20170902_124001.jpg,rest
Images\IMG_20170902_124756.jpg,rest
Images\IMG_20170912_211320.jpg,rest
Images\IMG_20170918_195914.jpeg,rest
Images\IMG_20170923_183537_621.jpg,rest
Images\IMG_20170925_041455.jpg,rest
Images\IMG_20170930_160430.jpg,rest
Images\IMG_20171014_154654.jpg,rest
Images\IMG_20171014_155254_313.jpg,palm
Images\IMG_20171014_205721_327.jpg,rest
Images\IMG_20171028_201120.jpg,rest
Images\IMG_20171222_164326_252.jpg,rest
Images\IMG_20171222_164745_565.jpg,rest
Images\IMG_20171223_133520.jpg,rest
Images\IMG_20171223_133630.jpg,rest
Images\IMG_20171226_074323.jpg,rest
Images\IMG_20171226_074357.jpg,rest
Images\IMG_20171226_074718.jpg,palm
Images\IMG_20180101_124910.jpg,palm
Images\IMG_20180103_181052.jpg,rest
Images\IMG_20180107_105531.jpg,rest
Images\IMG_20180130_215302 - Kopie.jpg,rest
Images\IMG_20180130_215302(1).jpg,rest
Images\IMG_20180130_215302.jpg,rest
Images\IMG_20180308_160419.jpg,rest
Images\IMG_20180318_080947.jpg,snow
Images\IMG_20180318_084642.jpg,snow
Images\IMG_20180318_084739.jpg,snow
Images\IMG_20180318_085135.jpg,snow
Images\IMG_20180318_085305.jpg,snow
Images\IMG_20180318_093453.jpg,rest
Images\IMG_20180318_124627.jpg,snow
Images\IMG_20180318_130357_770.jpg,snow
Images\IMG_20180318_151555_356.jpg,palm
Images\IMG_20180322_085532_837.jpg,rest
Images\IMG_20180323_215314.jpg,rest
Images\IMG_20180323_232032_816.jpg,rest
Images\IMG_20180324_012550_879.jpg,rest
Images\IMG_20180330_084729-EFFECTS.jpg,snow
Images\IMG_20180330_164508_402.jpg,snow
Images\IMG_20180330_164947_245.jpg,rest
Images\IMG_20180330_230334_087.jpg,snow
Images\IMG_20180331_064103_460.jpg,snow
Images\IMG_20180402_224222_524.jpg,snow
Images\IMG_20180406_214738_706.jpg,snow
Images\IMG_20180407_135950.jpg,rest
Images\IMG_20180416_074757.jpg,rest
Images\IMG_20180416_230452_209.jpg,rest
Images\IMG_20180418_170427.jpg,rest
Images\IMG_20180418_173303.jpg,rest
Images\IMG_20180418_173310.jpg,rest
Images\IMG_20180418_175825.jpg,rest
Images\IMG_20180419_154110_693.jpg,rest
Images\IMG_20180419_154425_961.jpg,snow
Images\IMG_20180419_163757.jpg,palm
Images\IMG_20180419_163810.jpg,rest
Images\IMG_20180419_172108.jpg,rest
Images\IMG_20180419_172553.jpg,rest
Images\IMG_20180419_173338.jpg,rest
Images\IMG_20180419_173437.jpg,rest
Images\IMG_20180419_174051.jpg,palm
Images\IMG_20180420_172644_132.jpg,rest
Images\IMG_20180420_184338.jpg,rest
Images\IMG_20180427_062546.jpg,rest
Images\IMG_20180427_063455.jpg,rest
Images\IMG_20180427_101701~2.jpg,rest
Images\IMG_20180427_101706~2.jpg,rest
Images\IMG_20180427_101909.jpg,rest
Images\IMG_20180428_200529_114.jpg,palm
Images\IMG_20180430_063815_755.jpg,palm
Images\IMG_20180430_164435.jpg,rest
Images\IMG_20180430_164726.jpg,rest
Images\IMG_20180430_175144_962.jpg,rest
Images\IMG_20180501_180124_861.jpg,rest
Images\IMG_20180507_200654_984.jpg,rest
Images\IMG_20180511_075651_899.jpg,rest
Images\IMG_20180512_122949_325.jpg,palm
Images\IMG_20180516_150323_009.jpg,rest
Images\IMG_20180529_183925_565.jpg,palm
Images\IMG_20180604_205905_1.jpg,rest
Images\IMG_20180614_200452.jpg,rest
Images\IMG_20180621_205522_595.jpg,rest
Images\IMG_20180701_121434_746.jpg,palm
Images\IMG_20180708_131113_623.jpg,rest
Images\IMG_20180720_190732.jpg,rest
Images\IMG_20180722_185601.jpg,rest
Images\IMG_20180723_203728.jpg,rest
Images\IMG_20180723_210640.jpg,rest
Images\IMG_20180723_211644_478.jpg,rest
Images\IMG_20180727_103303.jpg,rest
Images\IMG_20180727_151450_068.jpg,rest
Images\IMG_20180729_171952_368.jpg,rest
Images\IMG_20180804_092611_300.jpg,rest
Images\IMG_20180805_092407_081.jpg,rest
Images\IMG_20180814_073411_635.jpg,palm
Images\IMG_20180816_072404.jpg,rest
Images\IMG_20180816_090535.jpg,rest
Images\IMG_20180816_120354.jpg,rest
Images\IMG_20180820_080222.jpg,rest
Images\IMG_20180820_094411_227.jpg,rest
Images\IMG_20180820_094800_536.jpg,rest
Images\IMG_20180904_181442.jpg,rest
Images\IMG_20180905_080803.jpg,rest
Images\IMG_20180905_205825.jpg,rest
Images\IMG_20180909_190729_980.jpg,rest
Images\IMG_20180916_073012.jpg,rest
Images\IMG_20180930_085314.jpg,rest
Images\IMG_20180930_085405(1).jpg,rest
Images\IMG_20180930_085405.jpg,rest
Images\IMG_20180930_094455.jpg,rest
Images\IMG_20180930_095856.jpg,rest
Images\IMG_20180930_143530_369.jpg,rest
Images\IMG_20181010_160753.jpg,palm
Images\IMG_20181010_161124.jpg,palm
Images\IMG_20181010_172142_461.jpg,palm
Images\IMG_20181010_172420_206.jpg,palm
Images\IMG_20181012_103801.jpg,rest
Images\IMG_20181015_164627_080.jpg,palm
Images\IMG_20181015_165048_304.jpg,palm
Images\IMG_20181015_170704_293.jpg,rest
Images\IMG_20181015_171201_085.jpg,palm
Images\IMG_20181017_081453.jpg,rest
Images\IMG_20181017_105919.jpg,palm
Images\IMG_20181017_143628.jpg,palm
Images\IMG_20181017_143738~2.jpg,palm
Images\IMG_20181017_145702.jpg,palm
Images\IMG_20181017_161530_1.jpg,rest
Images\IMG_20181017_201116_758.jpg,palm
Images\IMG_20181017_201311_341.jpg,palm
Images\IMG_20181017_201504_631.jpg,palm
Images\IMG_20181017_201937_751.jpg,palm
Images\IMG_20181017_202833_053.jpg,rest
Images\IMG_20181017_203623_793.jpg,palm
Images\IMG_20181017_203801_232.jpg,palm
Images\IMG_20181017_212511_513.jpg,palm
Images\IMG_20181017_212725_064.jpg,palm
Images\IMG_20181018_083905_615.jpg,rest
Images\IMG_20181020_150700.jpg,palm
Images\IMG_20181020_164139.jpg,rest
Images\IMG_20181020_164148.jpg,rest
Images\IMG_20181020_173554.jpg,palm
Images\IMG_20181021_132437.jpg,rest
Images\IMG_20181021_143636.jpg,palm
Images\IMG_20181022_091325_780.jpg,palm
Images\IMG_20181022_111828.jpg,palm
Images\IMG_20181022_181157.jpg,palm
Images\IMG_20181026_114022.jpg,palm
Images\IMG_20181026_144317.jpg,palm
Images\IMG_20181026_144317~2.jpg,palm
Images\IMG_20181026_165043.jpg,palm
Images\IMG_20181026_165055.jpg,palm
Images\IMG_20181026_175648_808.jpg,palm
Images\IMG_20181026_180022_460.jpg,palm
Images\IMG_20181027_104832.jpg,palm
Images\IMG_20181027_141733_241.jpg,palm
Images\IMG_20181029_204254_945.jpg,palm
Images\IMG_20181029_204546_972.jpg,rest
Images\IMG_20181119_140236_237.jpg,rest
Images\IMG_20181119_140457_747.jpg,rest
Images\IMG_20181120_224742_614.jpg,rest
Images\IMG_20181208_201320.jpg,rest
Images\IMG_20181225_092232.jpg,snow
Images\IMG_20181225_154004_024.jpg,snow
Images\IMG_20190113_164029.jpg,snow
Images\IMG_20190113_164825.jpg,snow
Images\IMG_20190116_080548_718.jpg,snow
Images\IMG_20190124_094305_138.jpg,rest
Images\IMG_20190130_171615.jpg,rest
Images\IMG_20190204_204000_729.jpg,snow
Images\IMG_20190226_143427_452.jpg,palm
Images\IMG_20190305_154055.jpg,snow
Images\IMG_20190309_201039.jpg,rest
Images\IMG_20190312_184917.jpg,rest
Images\IMG_20190312_184917~2.jpg,rest
Images\IMG_20190313_184618_619.jpg,rest
Images\IMG_20190313_184828_235.jpg,rest
Images\IMG_20190326_173914.jpg,rest
Images\IMG_20190330_074801_327.jpg,snow
Images\IMG_20190401_201715_626.jpg,rest
Images\IMG_20190415_111851.jpg,rest
Images\IMG_20190417_080117_121.jpg,rest
Images\IMG_20190420_162911_599.jpg,snow
Images\IMG_20190427_121153.jpg,snow
Images\IMG_20190514_063359_135.jpg,rest
Images\IMG_20190526_195943.jpg,rest
Images\IMG_20190527_131405_378.jpg,rest
Images\IMG_20190528_210658_404.jpg,rest
Images\IMG_20190531_061740.jpg,palm
Images\IMG_20190615_104531.jpg,snow
Images\IMG_20190624_233531_844.jpg,rest
Images\IMG_20190624_233531_846.jpg,rest
Images\IMG_20190627_021919_774.jpg,rest
Images\IMG_20190713_110857-PANO.jpg,rest
Images\IMG_20190714_150738.jpg,rest
Images\IMG_20190716_174938_530.jpg,rest
Images\IMG_20190720_180519_565.jpg,rest
Images\IMG_20190724_210658~2.jpg,rest
Images\IMG_20190801_231024_939~3.jpg,palm
Images\IMG_20190804_203827.jpg,palm
Images\IMG_20190804_215047_568.jpg,rest
Images\IMG_20190809_054125.jpg,rest
Images\IMG_20190809_055606.jpg,rest
Images\IMG_20190809_055633.jpg,rest
Images\IMG_20190809_061606.jpg,rest
Images\IMG_20190809_083252.jpg,snow
Images\IMG_20190809_135905_256.jpg,rest
Images\IMG_20190811_235749_395.jpg,rest
Images\IMG_20190814_135021.jpg,palm
Images\IMG_20190814_224250_913.jpg,rest
Images\IMG_20190817_134105.jpg,rest
Images\IMG_20190825_174632.jpg,rest
Images\IMG_20190827_143147.jpg,rest
Images\IMG_20190905_115358.jpg,rest
Images\IMG_20190906_122450.jpg,rest
Images\IMG_20190906_122523.jpg,rest
Images\IMG_20190906_122647.jpg,rest
Images\IMG_20190906_171852_370.jpg,rest
Images\IMG_20190906_195645.jpg,rest
Images\IMG_20190907_170547.jpg,rest
Images\IMG_20190908_124757.jpg,rest
Images\IMG_20190908_125728.jpg,rest
Images\IMG_20190911_081319.jpg,rest
Images\IMG_20190922_112423~2.jpg,rest
Images\IMG_20190922_174538_537.jpg,palm
Images\IMG_20190924_195000.jpg,rest
Images\IMG_20190930_065614.jpg,snow
Images\IMG_20190930_082717.jpg,rest
Images\IMG_20190930_210821_208.jpg,palm
Images\IMG_20191002_232651.jpg,rest
Images\IMG_20191003_200559.jpg,palm
Images\IMG_20191004_153127.jpg,palm
Images\IMG_20191005_165508.jpg,palm
Images\IMG_20191005_171105.jpg,palm
Images\IMG_20191005_180536.jpg,palm
Images\IMG_20191006_200622.jpg,rest
Images\IMG_20191017_211235_581.jpg,rest
Images\IMG_20191018_165804.jpg,rest
Images\IMG_20191023_173256.jpg,rest
Images\IMG_20191023_173356.jpg,rest
Images\IMG_20191023_202838_381.jpg,rest
Images\IMG_20191024_175412.jpg,rest
Images\IMG_20191027_181637.jpg,rest
Images\IMG_20191031_130618.jpg,rest
Images\IMG_20191103_165134.jpg,rest
Images\IMG_20191107_163520_271.jpg,rest
Images\IMG_20191110_173641_507.jpg,rest
Images\IMG_20191116_183351_638.jpg,rest
Images\IMG_20191201_202150.jpg,palm
Images\IMG_20191203_213606.jpg,rest
Images\IMG_20191203_221358.jpg,rest
Images\IMG_20191204_182617_605.jpg,rest
Images\IMG_20191205_202522_084.jpg,rest
Images\IMG_20191205_203414_919.jpg,rest
Images\IMG_20191205_203650_264.jpg,rest
Images\IMG_20191207_185643_583.jpg,palm
Images\IMG_20191210_170844.jpg,rest
Images\IMG_20191212_222702_080.jpg,rest
Images\IMG_20191215_185308.jpg,rest
Images\IMG_20191216_191820_717.jpg,rest
Images\IMG_20191216_193051_529.jpg,snow
Images\IMG_20191216_193520_137.jpg,snow
Images\IMG_20191216_194318_809.jpg,snow
Images\IMG_20191216_194540_656.jpg,snow
Images\IMG_20191216_194906_316.jpg,snow
Images\IMG_20191216_195308_217.jpg,snow
Images\IMG_20191216_195957_374.jpg,snow
Images\IMG_20191218_200503_193.jpg,palm
Images\IMG_20191218_200758_314.jpg,rest
Images\IMG_20191219_112126_004.jpg,snow
Images\IMG_20191225_095923_648.jpg,rest
Images\IMG_20191225_100202_964.jpg,rest
Images\IMG_20191225_100320_020.jpg,rest
Images\IMG_20191231_145608_376.jpg,snow
Images\IMG_2020.HEIC,rest
Images\IMG_2020.jpg,rest
Images\IMG_20200105_171908_199.jpg,snow
Images\IMG_20200107_141443_723.jpg,rest
Images\IMG_20200107_194626.jpg,rest
Images\IMG_20200110_203900_exported_1323_1580499896710.jpg,rest
Images\IMG_20200110_205547_exported_240_1580499949483.jpg,rest
Images\IMG_20200112_125138_exported_1004_1578843450107.jpg,rest
Images\IMG_20200112_135137_083.jpg,rest
Images\IMG_20200112_135137_086.jpg,rest
Images\IMG_20200112_193435.jpg,rest
Images\IMG_20200119_183002.jpg,rest
Images\IMG_20200120_144623.jpg,palm
Images\IMG_20200120_153827_1.jpg,palm
Images\IMG_20200120_183824.jpg,palm
Images\IMG_20200121_114004.jpg,palm
Images\IMG_20200121_133451.jpg,rest
Images\IMG_20200121_152245.jpg,rest
Images\IMG_20200121_165154_733.jpg,palm
Images\IMG_20200122_074941.jpg,rest
Images\IMG_20200122_075737.jpg,rest
Images\IMG_20200122_080434.jpg,rest
Images\IMG_20200122_081255.jpg,rest
Images\IMG_20200122_172059_exported_0_1579702904598.jpg,rest
Images\IMG_20200122_173416.jpg,rest
Images\IMG_20200123_113932.jpg,rest
Images\IMG_20200126_143450.jpg,rest
Images\IMG_20200131_151127.jpg,rest
Images\IMG_20200131_151322.jpg,palm
Images\IMG_20200131_151400.jpg,rest
Images\IMG_20200229_201704.jpg,rest
Images\IMG_20200308_115219.jpg,snow
Images\IMG_20200308_142352.jpg,snow
Images\IMG_20200308_160938_936.jpg,snow
Images\IMG_20200310_125632_540.jpg,rest
Images\IMG_20200408_191921_660.jpg,rest
Images\IMG_20200418_180511_547.jpg,rest
Images\IMG_20200419_091150.jpg,rest
Images\IMG_20200505_124857.jpg,rest
Images\IMG_20200507_171515_856.jpg,rest
Images\IMG_20200509_100352.jpg,rest
Images\IMG_20200510_110105_247.jpg,rest
Images\IMG_20200523_111146.jpg,rest
Images\IMG_20200527_122227.jpg,rest
Images\IMG_20200528_090050.jpg,rest
Images\IMG_20200601_143526_877.jpg,rest
Images\IMG_20200606_095338_306.jpg,rest
Images\IMG_20200611_185547_661.jpg,rest
Images\IMG_20200612_191159.jpg,rest
Images\IMG_20200612_205747.jpg,rest
Images\IMG_20200613_122145.jpg,rest
Images\IMG_20200618_092847.jpg,rest
Images\IMG_20200618_154556_608.jpg,palm
Images\IMG_20200623_162000_exported_5736721995482457550.gif,rest
Images\IMG_20200626_185845.jpg,rest
Images\IMG_20200626_185935~2.jpg,rest
Images\IMG_20200626_190055.jpg,rest
Images\IMG_20200627_082738.jpg,rest
Images\IMG_20200627_131223_269.jpg,rest
Images\IMG_20200629_225931_752.jpg,rest
Images\IMG_20200704_075319.jpg,rest
Images\IMG_20200709_191404.jpg,rest
Images\IMG_20200718_090720.jpg,rest
Images\IMG_20200719_185623.jpg,rest
Images\IMG_20200721_210602.jpg,rest
Images\IMG_20200722_053217.jpg,rest
Images\IMG_20200723_130122.jpg,rest
Images\IMG_20200725_073849.jpg,rest
Images\IMG_20200725_081331.jpg,rest
Images\IMG_20200801_090331.jpg,rest
Images\IMG_20200801_090331~2.jpg,rest
Images\IMG_20200801_103046~2.jpg,rest
Images\IMG_20200801_103049.jpg,rest
Images\IMG_20200801_191549.jpg,rest
Images\IMG_20200809_230624_782.jpg,rest
Images\IMG_20200812_090559.jpg,rest
Images\IMG_20200812_090907.jpg,rest
Images\IMG_20200812_124335.jpg,rest
Images\IMG_20200815_082916_998.jpg,rest
Images\IMG_20200815_180949_606.jpg,palm
Images\IMG_20200823_151611.jpg,rest
Images\IMG_20200825_154630.jpg,rest
Images\IMG_20200825_155124.jpg,rest
Images\IMG_20200825_155124~2.jpg,rest
Images\IMG_20200825_180219.jpg,rest
Images\IMG_20200825_181405.jpg,rest
Images\IMG_20200825_181523.jpg,rest
Images\IMG_20200825_201948.jpg,rest
Images\IMG_20200826_075439.jpg,rest
Images\IMG_20200826_082010.jpg,rest
Images\IMG_20200826_083435.jpg,rest
Images\IMG_20200826_083509.jpg,rest
Images\IMG_20200826_083509_1.jpg,rest
Images\IMG_20200826_083512.jpg,rest
Images\IMG_20200826_085619.jpg,rest
Images\IMG_20200826_115709.jpg,rest
Images\IMG_20200829_093440.jpg,rest
Images\IMG_20200903_195239.jpg,snow
Images\IMG_20200903_195249.jpg,rest
Images\IMG_20200904_064437-PANO.jpg,rest
Images\IMG_20200904_075505.jpg,rest
Images\IMG_20200904_085752.jpg,rest
Images\IMG_20200904_150040.jpg,rest
Images\IMG_20200904_150711.jpg,rest
Images\IMG_20200916_084043.jpg,rest
Images\IMG_20200918_104533.jpg,snow
Images\IMG_20200919_071422.jpg,rest
Images\IMG_20200919_073922.jpg,rest
Images\IMG_20200919_085457~2.jpg,rest
Images\IMG_20200919_191102.jpg,rest
Images\IMG_20200920_132459.jpg,rest
Images\IMG_20200926_102700.jpg,rest
Images\IMG_20200926_222212.jpg,palm
Images\IMG_20200926_222349.jpg,rest
Images\IMG_20200926_223149.jpg,rest
Images\IMG_20200926_224231.jpg,rest
Images\IMG_20200927_112458.jpg,rest
Images\IMG_20200927_113908.jpg,rest
Images\IMG_20201002_182800.jpg,rest
Images\IMG_20201002_183535.jpg,rest
Images\IMG_20201004_063928-PANO.jpg,rest
Images\IMG_20201004_063951~2.jpg,rest
Images\IMG_20201004_081701.jpg,rest
Images\IMG_20201009_200202.jpg,rest
Images\IMG_20201010_142443~2.jpg,rest
Images\IMG_20201015_191921_044.jpg,rest
Images\IMG_20201018_165320_010.jpg,snow
Images\IMG_20201025_125035.jpg,rest
Images\IMG_20201025_125213.jpg,rest
Images\IMG_20201025_133126.jpg,rest
Images\IMG_20201025_133138.jpg,rest
Images\IMG_20201025_134021.jpg,rest
Images\IMG_20201025_164443_441.jpg,rest
Images\IMG_20201025_183127~2.jpg,palm
Images\IMG_20201031_100808_408.jpg,rest
Images\IMG_20201031_232438_276.jpg,rest
Images\IMG_20201112_085022.jpg,rest
Images\IMG_20201112_102752_210.jpg,rest
Images\IMG_20201114_114622-ANIMATION.gif,rest
Images\IMG_20201115_111130~2.jpg,rest
Images\IMG_20201121_090252 - Kopie (2).jpg,snow
Images\IMG_20201121_090252 - Kopie.jpg,snow
Images\IMG_20201121_090252.jpg,snow
Images\IMG_20201121_0902c52.jpg,snow
Images\IMG_20201121_0902x.jpg,rest
Images\IMG_20201121_100739.jpg,snow
Images\IMG_20201127_190649.jpg,rest
Images\IMG_20201128_093850.jpg,rest
Images\IMG_20201128_134134_297.jpg,rest
Images\IMG_20201212_141438.jpg,rest
Images\IMG_20201219_121327_901.jpg,rest
Images\IMG_20201228_173817_116.jpg,snow
Images\IMG_20210110_105738.jpg,rest
Images\IMG_20210112_210154.jpg,rest
Images\IMG_20210113_221431_005.jpg,palm
Images\IMG_20210116_150044-ANIMATION.gif,rest
Images\IMG_20210116_150646~2.jpg,rest
Images\IMG_20210116_150652~2.jpg,rest
Images\IMG_20210121_110009.jpg,rest
Images\IMG_20210122_091009~2.jpg,rest
Images\IMG_20210122_103227~2.jpg,rest
Images\IMG_20210125_203618.jpg,rest
Images\IMG_20210125_204213.jpg,rest
Images\IMG_20210210_213853_636.jpg,snow
Images\IMG_20210213_121247_2 - Kopie.jpg,snow
Images\IMG_20210213_121247_2.jpg,snow
Images\IMG_20210214_122956.jpg,rest
Images\IMG_20210228_152802_436.jpg,rest
Images\IMG_20210228_175337.jpg,palm
Images\IMG_20210228_184253.jpg,rest
Images\IMG_20210302_180139.jpg,palm
Images\IMG_20210319_210141_290.jpg,palm
Images\IMG_20210321_194227~2.jpg,rest
Images\IMG_20210323_194155.jpg,rest
Images\IMG_20210325_131253_092~2.jpg,rest
Images\IMG_20210325_185135.jpg,rest
Images\IMG_20210325_185919~2.jpg,rest
Images\IMG_20210325_190254.jpg,rest
Images\IMG_20210402_101847.jpg,rest
Images\IMG_20210417_141121~2.jpg,rest
Images\IMG_20210417_151807.jpg,rest
Images\IMG_20210425_074317_921.jpg,rest
Images\IMG_20210519_214419_879.jpg,rest
Images\IMG_20210709_210950_607.jpg,rest
Images\IMG_20210713_090719_290.jpg,rest
Images\IMG_20210725_121013_083.jpg,rest
Images\IMG_20210802_181235_280.jpg,palm
Images\IMG_20210821_223521_307.webp,rest
Images\IMG_20210830_135707_813.jpg,rest
Images\IMG_20210830_135707_910.jpg,rest
Images\IMG_20210830_135707_946.jpg,rest
Images\IMG_20210901_212435_148.jpg,rest
Images\IMG_20210910_185016_726.jpg,rest
Images\IMG_20211017_175359_409.jpg,palm
Images\IMG_20211024_130928_025.jpg,rest
Images\IMG_2025.HEIC,rest
Images\IMG_2025.jpg,rest
Images\IMG_2025~2.jpg,palm
Images\IMG_2026.HEIC,rest
Images\IMG_2026.jpg,palm
Images\IMG_2026~2.jpg,palm
Images\IMG_2045.HEIC,palm
Images\IMG_2045.jpg,palm
Images\IMG_2052.HEIC,palm
Images\IMG_2052.jpg,palm
Images\IMG_2053.HEIC,palm
Images\IMG_2053.jpg,palm
Images\IMG_2054.HEIC,palm
Images\IMG_2054.jpg,palm
Images\IMG_2057.HEIC,rest
Images\IMG_2057.jpg,palm
Images\IMG_2062~2.jpg,palm
Images\IMG_2066.HEIC,rest
Images\IMG_2067.HEIC,palm
Images\IMG_2067.jpg,palm
Images\IMG_2068.HEIC,rest
Images\IMG_2068.jpg,palm
Images\IMG_2076~2.jpg,palm
Images\IMG_2081.HEIC,rest
Images\IMG_2082.HEIC,palm
Images\IMG_2082.jpg,palm
Images\IMG_2083.HEIC,palm
Images\IMG_2083.jpg,palm
Images\IMG_2088.HEIC,rest
Images\IMG_2089.HEIC,rest
Images\IMG_2089.jpg,rest
Images\IMG_2090.HEIC,palm
Images\IMG_2090.jpg,palm
Images\IMG_2095.HEIC,palm
Images\IMG_2095.jpg,palm
Images\IMG_2098.HEIC,palm
Images\IMG_2098.jpg,palm
Images\IMG_2099.HEIC,palm
Images\IMG_2099.jpg,palm
Images\IMG_2116.HEIC,palm
Images\IMG_2116.jpg,rest
Images\IMG_2118.HEIC,rest
Images\IMG_2118.jpg,rest
Images\IMG_2119.HEIC,rest
Images\IMG_2119.jpg,rest
Images\IMG_2131.HEIC,palm
Images\IMG_2131~2-EFFECTS.jpg,rest
Images\IMG_2131~2.jpg,palm
Images\IMG_2133.HEIC,palm
Images\IMG_2133~2.jpg,palm
Images\IMG_2138.HEIC,rest
Images\IMG_2139.JPG,rest
Images\IMG_2738.JPG,palm
Images\IMG_2743.JPG,palm
Images\IMG_2745.JPG,rest
Images\IMG_2776.JPG,palm
Images\IMG_4151.JPG,rest
Images\IMG_4166.JPG,rest
Images\IMG_4177.JPG,rest
Images\IMG_4804.HEIC,rest
Images\IMG_4806.HEIC,rest
Images\IMG_4807.HEIC,rest
Images\IMG_4829.HEIC,rest
Images\IMG_4831-ANIMATION.gif,rest
Images\IMG_4862.HEIC,rest
Images\IMG_5104.JPG,snow
Images\IMG_5112.JPG,snow
Images\IMG_5147.JPG,snow
Images\IMG_7302~2.JPG,rest
Images\IMG_7320.JPG,rest
Images\IMG_7321.JPG,rest
Images\IMG_7347.JPG,rest
Images\IMG_7350.JPG,rest
Images\IMG_8729.JPG,rest
Images\IMG_9078.JPG,rest
Images\MVIMG_20200110_205541.jpg,rest
Images\MVIMG_20200112_191059.jpg,rest
Images\MVIMG_20200112_200035.jpg,rest
Images\orca-image-1497869118301.jpg_1497869119685.jpeg,palm
Images\original_11ee3ef5-6ef8-4ff6-a939-d21ae731bf68_PXL_20210803_183751984.jpg,palm
Images\original_17ca20eb-d1e4-452f-9666-604a19a4296c_IMG_20200711_204526_exported_466_1594703056537.jpg,rest
Images\original_1d565772-b5c3-4a93-be14-d7ac6e04580b_IMG_20210501_194025.jpg,rest
Images\original_22c02b51-de5b-4352-9dc0-f02d89af99bc_IMG_20210214_082535.jpg,rest
Images\original_2f98a038-8d56-4b68-aaca-dde2eb97871b_PXL_20210920_090930937.jpg,rest
Images\original_30cb4ac9-8b47-423d-b906-290531ccecb5_PXL_20210905_064630567.jpg,rest
Images\original_36dd643a-4a1f-4a57-a57e-3f7d8f80098d_PXL_20210803_183641121.jpg,rest
Images\original_3d4d3e8c-1fa1-4a75-ac30-8efe6a56e525_PXL_20210626_152258432.jpg,rest
Images\original_5d4681da-f596-4dcf-8919-7c93e8ada612_MVIMG_20200120_175524.jpg,palm
Images\original_69542b3c-3700-4c17-98b3-a5f228e5f94c_IMG_20201121_140916.jpg,rest
Images\original_6ba0fc15-13e5-415b-9976-6677e47bd66e_IMG_20210206_132845.jpg,snow
Images\original_7006cab2-2570-471c-94ea-9e73e7c1a9e2_MVIMG_20200112_125308.jpg,rest
Images\original_7db991b8-a81f-49ce-963d-9ab4f8fee1d5_PXL_20210724_094848566.PANO.jpg,rest
Images\original_858bd4da-aebd-4f77-b7b9-4fea20d57a51_PXL_20210821_051437923.jpg,rest
Images\original_866e2d4c-55c3-40b8-a0bd-6462e03dc8a7_MVIMG_20200112_193551.jpg,rest
Images\original_94f19b08-9f91-4292-b653-4ae4fe3c414c_IMG_20201107_154842.jpg,rest
Images\original_95bc2c0b-0429-4db8-859f-d7fa6db853be_PXL_20210922_073628940.jpg,rest
Images\original_a0e3204f-9b62-4c7f-a80c-413a369ac2ab_IMG-20201101-WA0006.jpg,rest
Images\original_a8c9552d-3c2a-4d39-8813-723a6da166ec_IMG_20210214_085821.jpg,snow
Images\original_af2d5d02-b8d1-40c9-ad44-208b828f795a_IMG_20201108_072824.jpg,rest
Images\original_af7d7753-10b5-45c9-8fa3-68f64c5abade_PXL_20210920_130523922.jpg,rest
Images\original_af9d36af-d4ba-4a33-a09c-4758032b72a6_PXL_20210828_161007652.jpg,rest
Images\original_b58541c0-adbf-47fa-aedc-0e352ba29776_IMG_20210306_121831.jpg,rest
Images\original_e96b7283-c2f6-4a63-b786-be0f17643d95_IMG_20200112_114750_exported_441_1580500076436.jpg,rest
Images\original_f3824b60-aee3-467b-a850-01b91cc8ba3e_PXL_20210710_063920445~2.jpg,rest
Images\original_f468b41b-f67b-438c-abe6-3303af47b706_PXL_20210529_073053850.jpg,rest
Images\P9160027 - Kopie (2).JPG,palm
Images\P9160061.JPG,rest
Images\P9160067.JPG,palm
Images\P9160070.JPG,palm
Images\P9160073.JPG,palm
Images\P9160078.JPG,palm
Images\P9170097~2.JPG,palm
Images\P9170101.JPG,rest
Images\P9170114.JPG,rest
Images\P9170115.JPG,rest
Images\P9170127.JPG,palm
Images\P9170128.JPG,rest
Images\P9170137.JPG,rest
Images\P9180033.JPG,palm
Images\P9180034.JPG,palm
Images\P9180044.JPG,rest
Images\P9180054 (2).JPG,palm
Images\P9190149 - Kopie.JPG,rest
Images\P9190150.JPG,rest
Images\P9200079 - Kopie.JPG,rest
Images\P9200095 - Kopie.JPG,rest
Images\P9200104.JPG,rest
Images\P9200187.JPG,rest
Images\P9200193.JPG,palm
Images\P9210137.JPG,rest
Images\P9220142.JPG,rest
Images\P9220143.JPG,rest
Images\P9220152.JPG,palm
Images\PANO_20200704_074831.vr.jpg,rest
Images\PANO_20200711_204008.vr.jpg,rest
Images\PANO_20200812_085526.vr.jpg,rest
Images\PANO_20200826_085555.vr.jpg,snow
Images\PANO_20200904_085226.vr.jpg,rest
Images\PANO_20201004_063856.vr.jpg,rest
Images\PANO_20201121_094319.vr - Kopie (2).jpg,rest
Images\PANO_20201121_094319.vr - Kopie (3).jpg,snow
Images\PANO_20201121_094319.vr - Kopie.jpg,snow
Images\PANO_20201121_094319.vr.jpg,snow
Images\PANO_20201121_09431c9.vr.jpg,snow
Images\PicsArt_03-06-03.22.50.jpg,rest
Images\PicsArt_08-21-06.05.48.jpg,rest
Images\PicsArt_11-16-06.44.16.jpg,rest
Images\PicsArt_12-30-06.49.19~2.jpg,rest
Images\Picture 0013.jpg,rest
Images\PXL_20210516_055344746~2.jpg,rest
Images\PXL_20210519_174125786_exported_8615.jpg,rest
Images\PXL_20210529_102828323.jpg,rest
Images\PXL_20210710_061615288.PANO~2.jpg,rest
Images\PXL_20210711_191323867.jpg,rest
Images\PXL_20210711_191403545.jpg,rest
Images\PXL_20210711_191424208.jpg,palm
Images\PXL_20210712_174553712.PANO.jpg,rest
Images\PXL_20210712_175458830.PANO.jpg,rest
Images\PXL_20210713_132919924.jpg,rest
Images\PXL_20210714_092920835.jpg,rest
Images\PXL_20210714_133703280.jpg,rest
Images\PXL_20210714_133752827.PANO.jpg,rest
Images\PXL_20210714_175611227.PANO.jpg,rest
Images\PXL_20210715_034321958.jpg,rest
Images\PXL_20210715_160758954.jpg,rest
Images\PXL_20210715_183117295.PANO.jpg,rest
Images\PXL_20210716_021117510.jpg,rest
Images\PXL_20210803_174944983~2-EFFECTS.jpg,rest
Images\PXL_20210803_174944983~2.jpg,rest
Images\PXL_20210803_174944983~3.jpg,rest
Images\PXL_20210803_185138388.jpg,palm
Images\PXL_20210803_185904330.jpg,rest
Images\PXL_20210806_183318132-COLLAGE.jpg,rest
Images\PXL_20210807_151708273.jpg,rest
Images\PXL_20210821_170956060~2.jpg,palm
Images\PXL_20210821_194218495~2.jpg,palm
Images\PXL_20210822_045829616.PANO.jpg,rest
Images\PXL_20210828_104816073.jpg,rest
Images\PXL_20210828_104836980.jpg,rest
Images\PXL_20210828_104842517.jpg,rest
Images\PXL_20210901_191839472.jpg,rest
Images\PXL_20210905_094824524.PANO.jpg,rest
Images\PXL_20210910_060637730~3.jpg,rest
Images\PXL_20210912_074719797.PANO.jpg,rest
Images\PXL_20210912_074727400.jpg,rest
Images\PXL_20210912_110509378.jpg,rest
Images\PXL_20210920_060600883.jpg,rest
Images\PXL_20210920_062747845.jpg,rest
Images\PXL_20210920_062950225~2.jpg,rest
Images\PXL_20210920_103212905_exported_0.jpg,rest
Images\PXL_20210923_073505226.PANO.jpg,rest
Images\PXL_20210925_144104282.jpg,rest
Images\PXL_20210925_153524339.jpg,rest
Images\PXL_20211011_070239851.jpg,palm
Images\PXL_20211011_070253099.jpg,palm
Images\PXL_20211011_073713491~2.jpg,rest
Images\PXL_20211011_073713491~3.jpg,rest
Images\PXL_20211011_073715055-COLLAGE.jpg,rest
Images\PXL_20211011_073745606.jpg,rest
Images\PXL_20211011_073806591~2.jpg,rest
Images\PXL_20211011_083432744~2.jpg,rest
Images\PXL_20211011_095236983.jpg,palm
Images\PXL_20211011_095252467.jpg,palm
Images\PXL_20211011_095258049.jpg,palm
Images\PXL_20211012_014943742.jpg,palm
Images\PXL_20211012_043427552.jpg,rest
Images\PXL_20211013_063930435~3.jpg,rest
Images\PXL_20211013_082644216.jpg,snow
Images\PXL_20211013_082644216~2.jpg,palm
Images\PXL_20211013_082650670.jpg,palm
Images\PXL_20211013_082653234.jpg,palm
Images\PXL_20211013_093438717.jpg,palm
Images\PXL_20211014_061349324~2.jpg,palm
Images\PXL_20211014_061409736~2.jpg,rest
Images\PXL_20211014_061420609~2.jpg,palm
Images\PXL_20211014_092455700~2.jpg,palm
Images\PXL_20211014_092455700~3.jpg,palm
Images\PXL_20211014_092516414.PANO.jpg,palm
Images\PXL_20211014_102821527.jpg,rest
Images\PXL_20211014_102947015.jpg,rest
Images\PXL_20211015_023249380~2.jpg,palm
Images\PXL_20211015_141522310.MP.jpg,rest
Images\PXL_20211015_141601766.jpg,palm
Images\PXL_20211015_143832660.jpg,palm
Images\received_10152947092209758.jpeg,rest
Images\received_10152947092424758.jpeg,rest
Images\received_10153462975456920.jpeg,rest
Images\received_10153462975626920.jpeg,rest
Images\received_1025047814202918.jpeg,palm
Images\received_1025048037536229.jpeg,palm
Images\received_1047720941971834.jpeg,rest
Images\received_1057670097607356.jpeg,rest
Images\received_1057670277607338.jpeg,rest
Images\received_1057670520940647.jpeg,rest
Images\received_1063042873736745.jpeg,palm
Images\received_1063663533674679.jpeg,palm
Images\received_1063663537008012.jpeg,rest
Images\received_1063678263673206.jpeg,rest
Images\received_1065615336812832.jpeg,snow
Images\received_1065616330146066.jpeg,snow
Images\received_1130189140355451.jpeg,rest
Images\received_1139930982714600.jpeg,rest
Images\received_1147176355323396.jpeg,rest
Images\received_1220065761764103.jpeg,rest
Images\received_1251956418178722.jpeg,rest
Images\received_1253105288063835.jpeg,rest
Images\received_1256294194798866.jpeg,rest
Images\received_1314632242074036.jpeg,snow
Images\received_1371506676223695.jpeg,palm
Images\received_1371506679557028.jpeg,rest
Images\received_1371506682890361.jpeg,rest
Images\received_137401548428002.jpeg,rest
Images\received_1376153259092370.jpeg,rest
Images\received_1658305324368363.jpeg,rest
Images\received_1689437521197776.jpeg,rest
Images\received_173139196963805.jpeg,palm
Images\received_1748083401899352.jpeg,rest
Images\received_1748083445232681.jpeg,rest
Images\received_181031966654927.jpeg,rest
Images\received_1878376398920977.jpeg,rest
Images\received_1878377038869987.jpeg,rest
Images\received_1879476045426753.jpeg,snow
Images\received_1884925404957282.jpeg,rest
Images\received_188936889632662.jpeg,rest
Images\received_1892331924141165.jpeg,palm
Images\received_1892332304141127.jpeg,palm
Images\received_1892333707474320.jpeg,palm
Images\received_1892334090807615.jpeg,palm
Images\received_1892336620807362.jpeg,rest
Images\received_1892340384140319.jpeg,palm
Images\received_1892342984140059.jpeg,rest
Images\received_1926221547512787.jpeg,rest
Images\received_1957281787646178.jpeg,rest
Images\received_1957282557646101.jpeg,rest
Images\received_1957286140979076.jpeg,rest
Images\received_1957286690979021.jpeg,rest
Images\received_1957288684312155.jpeg,rest
Images\received_1957290204312003.jpeg,rest
Images\received_1957290304311993.jpeg,palm
Images\received_196714328350754.jpeg,rest
Images\received_2064229433618079.jpeg,rest
Images\received_2082703458437343.jpeg,rest
Images\received_2082703595103996.jpeg,rest
Images\received_2082707598436929.jpeg,rest
Images\received_2090395664334789.jpeg,rest
Images\received_217761067039565.jpeg,rest
Images\received_220319556334216.jpeg,snow
Images\received_2273078712990221~2.jpeg,rest
Images\received_2406664296244124.jpeg,palm
Images\received_2489891717973859.jpeg,rest
Images\received_249458206654126.jpeg,rest
Images\received_2691906804180654.jpeg,snow
Images\received_282601142457419.jpeg,palm
Images\received_2871712892841801.jpeg,rest
Images\received_298634634324687~2.jpeg,palm
Images\received_312880969671038.jpeg,rest
Images\received_3167155459968567.jpeg,rest
Images\received_317119139077371(1).jpeg,rest
Images\received_317119139077371.jpeg,rest
Images\received_336106941522210~2.jpeg,rest
Images\received_343433680572560.jpeg,rest
Images\received_3563635970344482.jpeg,palm
Images\received_362452827631082.jpeg,snow
Images\received_404258493555562.jpeg,rest
Images\received_4061762873906794~2.jpeg,rest
Images\received_429325747941721.jpeg,rest
Images\received_546014259570976_exported_4249_1616951627669.jpg,palm
Images\received_576451613295478.jpeg,rest
Images\received_580616965816183.jpeg,snow
Images\received_605040090494097.jpeg,rest
Images\received_614394979401006.jpeg,rest
Images\received_711833219296614.jpeg,rest
Images\received_716859025634950~2.jpeg,rest
Images\received_724164717979332.jpeg,snow
Images\received_769895576858372.jpeg,snow
Images\received_784848335315046.jpeg,snow
Images\received_821596477881387.jpeg,rest
Images\received_943991569134564.jpeg,palm
Images\SabrinaGustaf_extra-40.jpg,rest
Images\Screenshot_2019-09-21-16-28-49.png,palm
Images\Screenshot_2019-11-14-13-01-08.png,rest
Images\Screenshot_2019-12-04-19-12-01.png,rest
Images\Screenshot_20200524-170917.png,rest
Images\Screenshot_20200824-152442.png,rest
Images\Screenshot_20210227-185530.png,palm
Images\Screenshot_20210918-205443.png,rest
Images\unspecified (2).jpg,rest
Images\unspecified (5).jpg,rest
Images\unspecified.jpg,rest
Images\VID_192010131_100943_656_exported_4266.jpg,palm
Images\Vormittags stirbt man.jpg,palm
Images\Wald 23. Dezember.JPG,rest
